Tokenizer,cl100k_base,deepseek_v3,gemma2,llama3,mistral_v0.3,o200k_base,qwen2.5,xlm_roberta,xlm_v
cl100k_base,"100,261 (100.0%)","59,084 (34.8%)","67,781 (23.5%)","100,256 (78.2%)","26,777 (25.2%)","85,035 (39.5%)","99,160 (64.9%)","24,959 (7.7%)","48,237 (5.1%)"
deepseek_v3,"59,084 (34.8%)","128,815 (100.0%)","89,464 (30.3%)","70,663 (37.9%)","29,220 (22.1%)","82,268 (33.4%)","84,030 (42.8%)","49,919 (15.2%)","90,326 (9.6%)"
gemma2,"67,781 (23.5%)","89,464 (30.3%)","255,875 (100.0%)","85,699 (28.7%)","30,812 (12.0%)","123,099 (37.0%)","97,676 (31.5%)","90,917 (21.9%)","149,777 (14.9%)"
llama3,"100,256 (78.2%)","70,663 (37.9%)","85,699 (28.7%)","128,256 (100.0%)","29,110 (22.1%)","103,245 (45.9%)","109,566 (64.3%)","43,130 (12.9%)","68,863 (7.2%)"
mistral_v0.3,"26,777 (25.2%)","29,220 (22.1%)","30,812 (12.0%)","29,110 (22.1%)","32,643 (100.0%)","29,864 (14.7%)","29,237 (18.9%)","18,429 (7.0%)","25,913 (2.9%)"
o200k_base,"85,035 (39.5%)","82,268 (33.4%)","123,099 (37.0%)","103,245 (45.9%)","29,864 (14.7%)","200,000 (100.0%)","98,864 (39.1%)","81,770 (22.2%)","124,178 (12.7%)"
qwen2.5,"99,160 (64.9%)","84,030 (42.8%)","97,676 (31.5%)","109,566 (64.3%)","29,237 (18.9%)","98,864 (39.1%)","151,665 (100.0%)","54,948 (15.8%)","84,589 (8.7%)"
xlm_roberta,"24,959 (7.7%)","49,919 (15.2%)","90,917 (21.9%)","43,130 (12.9%)","18,429 (7.0%)","81,770 (22.2%)","54,948 (15.8%)","250,002 (100.0%)","235,892 (25.8%)"
xlm_v,"48,237 (5.1%)","90,326 (9.6%)","149,777 (14.9%)","68,863 (7.2%)","25,913 (2.9%)","124,178 (12.7%)","84,589 (8.7%)","235,892 (25.8%)","901,629 (100.0%)"
